Date,LQI
1,1
2,102
3,108
4,1
5,82
6,1
7,1
8,106
9,104
10,101
11,104
12,106
13,1
14,100
15,103
16,99
17,100
18,1
19,102
20,101
21,102
22,102
23,100
24,101
25,1
26,1
27,1
28,105
29,86
30,103
31,103
32,100
33,104
34,101
35,104
36,100
37,1
38,103
39,1
40,104
41,99
42,103
43,1
44,1
45,1
46,1
47,1
48,1
49,1
50,1
51,1
52,1
53,1
54,105
55,1
56,1
57,1
58,1
59,1
60,1
61,1
62,1
63,1
64,1
65,1
66,1
67,1
68,1
69,107
70,63
71,1
72,1
73,1
74,1
75,1
76,1
77,1
78,1
79,1
80,1
81,1
82,1
83,1
84,1
85,1
86,1
87,1
88,1
89,1
90,1
91,1
92,1
93,1
94,1
95,1
96,1
97,1
98,1
99,1
100,1
101,1
102,1
103,1
104,1
105,1
106,105
107,1
108,1
109,1
110,1
111,1
112,1
113,1
114,1
115,1
116,107
117,105
118,1
119,1
120,1
121,1
122,1
123,1
124,105
125,1
126,1
127,1
128,1
129,1
130,1
131,1
132,1
133,1
134,1
135,1
136,1
137,1
138,1
139,1
140,1
141,1
142,1
143,1
144,105
145,1
146,1
147,1
148,1
149,103
150,1
151,1
152,105
153,1
154,105
155,105
156,101
157,107
158,104
159,102
160,1
161,105
162,103
163,1
164,1
165,102
166,1
167,1
168,1
169,1
170,101
171,105
172,1
173,104
174,105
175,1
176,104
177,1
178,101
179,102
180,102
181,1
182,1
183,96
184,103
185,1
186,103
187,103
188,104
189,105
190,1
191,1
192,99
193,1
194,104
195,1
196,102
197,104
198,1
199,103
200,101
201,1
202,102
203,102
204,100
205,105
206,102
207,1
208,1
209,106
210,101
211,1
212,103
213,107
214,101
215,100
216,1
217,1
218,97
219,100
220,99
221,105
222,1
223,1
224,100
225,104
226,105
227,104
228,96
229,105
230,103
231,104
232,103
233,103
234,105
235,102
236,101
237,104
238,101
239,104
240,102
241,98
242,99
243,103
244,99
245,103
246,103
247,104
248,106
249,101
250,106
251,1
252,102
253,104
254,99
255,101
256,101
257,105
258,104
259,103
260,103
261,96
262,104
263,103
264,99
265,102
266,102
267,102
268,100
269,104
270,105
271,99
272,99
273,103
274,105
275,102
276,103
277,101
278,101
279,102
280,100
281,103
282,103
283,105
284,103
285,103
286,104
287,101
288,104
289,102
290,105
291,101
292,101
293,101
294,100
295,105
296,103
297,103
298,104
299,104
300,104
301,104
302,103
303,104
304,101
305,102
306,103
307,101
308,105
309,99
310,103
311,104
312,103
313,102
314,102
315,101
316,105
317,103
318,102
319,103
320,104
321,102
322,103
323,103
324,102
325,101
326,102
327,103
328,101
329,103
330,103
331,103
332,104
333,101
334,1
335,103
336,101
337,104
338,102
339,104
340,102
341,104
342,104
343,101
344,98
345,1
346,102
347,105
348,100
349,1
350,1
351,1
352,102
353,105
354,1
355,1
356,101
357,102
358,103
359,103
360,103
361,1
362,102
363,1
364,100
365,102
366,99
367,105
368,1
369,103
370,105
371,105
372,1
373,100
374,100
375,103
376,102
377,1
378,104
379,100
380,102
381,104
382,98
383,98
384,102
385,1
386,1
387,103
388,1
389,1
390,103
391,105
392,105
393,101
394,103
395,103
396,104
397,104
398,106
399,102
400,102
401,102
402,105
403,96
404,100
405,104
406,100
407,105
408,101
409,103
410,102
411,102
412,102
413,103
414,104
415,104
416,105
417,103
418,100
419,102
420,102
421,105
422,102
423,102
424,103
425,104
426,103
427,99
428,103
429,106
430,103
431,104
432,103
433,106
434,101
435,103
436,103
437,101
438,101
439,101
440,104
441,104
442,104
443,104
444,105
445,99
446,104
447,107
448,102
449,100
450,98
451,103
452,104
453,101
454,100
455,100
456,99
457,95
458,98
459,102
460,102
461,105
462,97
463,104
464,100
465,102
466,101
467,105
468,98
469,101
470,103
471,98
472,103
473,103
474,101
475,104
476,102
477,99
478,103
479,103
480,104
481,104
482,104
483,103
484,106
485,105
486,97
487,103
488,104
489,101
490,101
491,98
492,102
493,101
494,103
495,104
496,104
497,96
498,102
499,106
500,102
501,101
502,103
503,106
504,102
505,96
506,104
507,96
508,103
509,102
510,98
511,96
512,104
513,100
514,104
515,100
516,1
517,98
518,104
519,102
520,102
521,104
522,1
523,103
524,101
525,104
526,102
527,97
528,105
529,104
530,103
531,101
532,97
533,104
534,1
535,1
536,1
537,1
538,1
539,102
540,105
541,104
542,65
543,98
544,103
545,99
546,102
547,1
548,105
549,103
550,103
551,104
552,102
553,1
554,102
555,1
556,99
557,104
558,100
559,1
560,103
561,102
562,97
563,99
564,1
565,1
566,103
567,1
568,101
569,99
570,99
571,1
572,103
573,103
574,101
575,103
576,1
577,102
578,102
579,102
580,101
581,105
582,1
583,1
584,100
585,104
586,104
587,1
588,104
589,103
590,100
591,106
592,1
593,1
594,104
595,101
596,103
597,106
598,105
599,106
600,101
601,1
602,1
603,103
604,105
605,101
606,1
607,1
608,1
609,104
610,103
611,102
612,1
613,1
614,102
615,100
616,101
617,104
618,102
619,1
620,103
621,1
622,101
623,103
624,1
625,1
626,1
627,97
628,104
629,1
630,101
631,100
632,102
633,103
634,1
635,101
636,1
637,1
638,1
639,101
640,103
641,104
642,99
643,102
644,1
645,104
646,1
647,94
648,102
649,105
650,1
651,97
652,1
653,104
654,101
655,97
656,101
657,102
658,102
659,106
660,101
661,100
662,106
663,1
664,1
665,101
666,1
667,1
668,1
669,1
670,102
671,1
672,1
673,101
674,1
675,1
676,103
677,1
678,105
679,105
680,102
681,1
682,1
683,104
684,1
685,103
686,1
687,1
688,1
689,105
690,103
691,1
692,1
693,1
694,103
695,104
696,102
697,1
698,1
699,1
700,1
701,103
702,1
703,1
704,1
705,1
706,102
707,101
708,1
709,1
710,1
711,1
712,1
713,1
714,1
715,1
716,1
717,93
718,1
719,105
720,1
721,1
722,1
723,1
724,86
725,1
726,1
727,105
728,106
729,106
730,85
731,105
732,101
733,106
734,107
735,104
736,106
737,106
738,106
739,107
740,107
741,105
742,103
743,102
744,106
745,101
746,105
747,103
748,107
749,107
750,107
751,99
752,105
753,102
754,87
755,1
756,82
757,1
758,95
759,1
760,78
761,108
762,106
763,87
764,107
765,106
766,105
767,107
768,106
769,1
770,1
771,106
772,105
773,105
774,104
775,106
776,105
777,1
778,105
779,107
780,104
781,105
782,105
783,105
784,105
785,104
786,107
787,103
788,105
789,105
790,102
791,106
792,103
793,106
794,105
795,1
796,106
797,103
798,106
799,106
800,106
801,106
802,107
803,105
804,106
805,106
806,106
807,107
808,104
809,106
810,106
811,106
812,104
813,106
814,104
815,96
816,107
817,106
818,105
819,106
820,107
821,106
822,1
823,104
824,101
825,105
826,106
827,102
828,106
829,106
830,106
831,106
832,105
833,106
834,104
835,106
836,1
837,106
838,106
839,106
840,107
841,106
842,1
843,1
844,107
845,107
846,1
847,106
848,107
849,1
850,104
851,1
852,105
853,107
854,105
855,1
856,1
857,1
858,1
859,1
860,1
861,1
862,1
863,1
864,105
865,1
866,1
867,1
868,107
869,1
870,1
871,107
872,1
873,1
874,1
875,1
876,1
877,107
878,1
879,106
880,1
881,1
882,1
883,1
884,1
885,1
886,1
887,1
888,1
889,1
890,1
891,1
892,1
893,1
894,1
895,105
896,107
897,107
898,104
899,105
900,104
901,106
902,107
903,105
904,105
905,104
906,106
907,107
908,104
909,107
910,107
911,104
912,105
913,103
914,95
915,106
916,106
917,107
918,105
919,107
920,107
921,106
922,105
923,106
924,98
925,106
926,107
927,106
928,106
929,107
930,107
931,106
932,105
933,107
934,105
935,107
936,106
937,107
938,106
939,106
940,106
941,105
942,106
943,106
944,104
945,108
946,106
947,88
948,107
949,105
950,106
951,104
952,107
953,107
954,104
955,103
956,106
957,104
958,107
959,105
960,107
961,104
962,102
963,105
964,107
965,105
966,103
967,102
968,105
969,107
970,107
971,107
972,105
973,107
974,106
975,105
976,107
977,107
978,107
979,107
980,98
981,106
982,106
983,105
984,105
985,106
986,106
987,106
988,104
989,106
990,104
991,106
992,106
993,106
994,106
995,105
996,105
997,103
998,105
999,105
1000,105
1001,107
1002,102
1003,106
1004,103
1005,107
1006,106
1007,1
1008,106
1009,107
1010,85
1011,104
1012,108
1013,103
1014,107
1015,107
1016,107
1017,107
1018,104
1019,107
1020,107
1021,108
1022,108
1023,107
1024,107
1025,106
1026,106
1027,1
1028,108
1029,104
1030,106
1031,107
1032,106
1033,1
1034,107
1035,107
1036,108
1037,107
1038,107
1039,106
1040,1
1041,108
1042,108
1043,107
1044,107
1045,107
1046,108
1047,106
1048,105
1049,95
1050,107
1051,107
1052,107
1053,105
1054,105
1055,106
1056,107
1057,1
1058,108
1059,108
1060,106
1061,105
1062,1
1063,104
1064,103
1065,108
1066,105
1067,107
1068,106
1069,106
1070,106
1071,107
1072,92
1073,108
1074,107
1075,106
1076,107
1077,102
1078,107
1079,107
1080,107
1081,108
1082,105
1083,102
1084,101
1085,106
1086,107
1087,106
1088,85
1089,105
1090,91
1091,104
1092,100
1093,107
1094,107
1095,107
1096,106
1097,104
1098,96
1099,105
1100,104
1101,106
1102,107
1103,108
1104,102
1105,107
1106,106
1107,105
1108,1
1109,106
1110,105
1111,107
1112,105
1113,104
1114,101
1115,107
1116,107
1117,107
1118,107
1119,101
1120,108
1121,107
1122,107
1123,106
1124,107
1125,108
1126,106
1127,107
1128,107
1129,108
1130,107
1131,105
1132,108
1133,108
1134,108
1135,107
1136,106
1137,108
1138,107
1139,107
1140,108
1141,108
1142,106
1143,106
1144,98
1145,107
1146,107
1147,106
1148,108
1149,108
1150,107
1151,107
1152,102
1153,105
1154,107
1155,104
1156,107
1157,1
1158,107
1159,108
1160,106
1161,107
1162,107
1163,108
1164,107
1165,107
1166,108
1167,108
1168,107
1169,106
1170,107
1171,106
1172,104
1173,107
1174,108
1175,107
1176,108
1177,108
1178,102
1179,102
1180,108
1181,107
1182,107
1183,103
1184,106
1185,108
1186,107
1187,106
1188,107
1189,108
1190,102
1191,107
1192,77
1193,1
1194,107
1195,107
1196,106
1197,107
1198,107
1199,107
1200,105
1201,108
1202,107
1203,106
1204,107
1205,107
1206,107
1207,107
1208,106
1209,107
1210,107
1211,1
1212,100
1213,108
1214,108
1215,106
1216,104
1217,107
1218,108
1219,106
1220,107
1221,106
1222,108
1223,108
1224,107
1225,1
1226,107
1227,107
1228,106
1229,1
1230,108
1231,108
1232,107
1233,107
1234,107
1235,107
1236,108
1237,107
1238,104
1239,106
1240,107
1241,108
1242,107
1243,107
1244,106
1245,108
1246,108
1247,106
1248,107
1249,108
1250,106
1251,106
1252,108
1253,66
1254,107
1255,106
1256,87
1257,108
1258,106
1259,90
1260,107
1261,108
1262,107
1263,107
1264,106
1265,105
1266,108
1267,106
1268,107
1269,106
1270,108
1271,107
1272,108
1273,107
1274,106
1275,100
1276,107
1277,107
1278,108
1279,99
1280,107
1281,108
1282,107
1283,107
1284,106
1285,107
1286,108
1287,105
1288,105
1289,101
1290,87
1291,106
1292,105
1293,93
1294,103
1295,104
1296,100
1297,79
1298,107
1299,86
1300,107
1301,90
1302,105
1303,108
1304,107
1305,108
1306,107
1307,107
1308,107
1309,107
1310,102
1311,106
1312,90
1313,106
1314,91
1315,88
1316,101
1317,102
1318,104
1319,94
1320,102
1321,108
1322,106
1323,96
1324,99
1325,103
1326,104
1327,107
1328,103
1329,105
1330,106
1331,107
1332,103
1333,107
1334,101
1335,104
1336,103
1337,101
1338,101
1339,103
1340,106
1341,107
1342,105
1343,97
1344,95
1345,107
1346,105
1347,104
1348,106
1349,108
1350,105
1351,102
1352,97
1353,106
1354,106
1355,1
1356,106
1357,108
1358,103
1359,106
1360,106
1361,99
1362,92
1363,106
1364,98
1365,91
1366,78
1367,99
1368,82
1369,108
1370,91
1371,106
1372,107
1373,108
1374,108
1375,107
1376,104
1377,108
1378,107
1379,106
1380,107
1381,108
1382,108
1383,104
1384,107
1385,108
1386,94
1387,108
1388,105
1389,107
1390,105
1391,108
1392,105
1393,1
1394,107
1395,108
1396,106
1397,107
1398,107
1399,108
1400,107
1401,107
1402,106
1403,106
1404,106
1405,107
1406,108
1407,108
1408,107
1409,106
1410,106
1411,105
1412,107
1413,108
1414,108
1415,107
1416,107
1417,107
1418,106
1419,107
1420,91
1421,107
1422,107
1423,108
1424,106
1425,106
1426,108
1427,107
1428,107
1429,100
1430,107
1431,106
1432,107
1433,107
1434,108
1435,106
1436,107
1437,108
1438,108
1439,108
1440,107
1441,108
1442,107
1443,107
1444,105
1445,107
1446,108
1447,108
1448,107
1449,106
1450,107
1451,107
1452,107
1453,107
1454,107
1455,107
1456,108
1457,105
1458,107
1459,107
1460,108
1461,107
1462,106
1463,108
1464,106
1465,107
1466,107
1467,95
1468,106
1469,108
1470,107
1471,107
1472,107
1473,108
1474,106
1475,107
1476,108
1477,108
1478,107
1479,99
1480,106
1481,107
1482,106
1483,105
1484,107
1485,108
1486,107
1487,107
1488,106
1489,106
1490,108
1491,107
1492,106
1493,107
1494,107
1495,107
1496,107
1497,107
1498,107
1499,106
1500,107
1501,108
1502,108
1503,107
1504,107
1505,108
1506,108
1507,108
1508,106
1509,106
1510,107
1511,108
1512,99
1513,107
1514,106
1515,1
1516,108
1517,107
1518,107
1519,108
1520,107
1521,108
1522,101
1523,107
1524,107
1525,108
1526,108
1527,108
1528,100
1529,108
1530,107
1531,106
1532,107
1533,108
1534,107
1535,108
1536,107
1537,107
1538,106
1539,97
1540,108
1541,108
1542,107
1543,107
1544,107
1545,108
1546,86
1547,105
1548,107
1549,107
1550,108
1551,107
1552,105
1553,105
1554,105
1555,77
1556,106
1557,106
1558,106
1559,106
1560,105
1561,107
1562,108
1563,106
1564,98
1565,86
1566,101
1567,1
1568,98
1569,103
1570,104
1571,100
1572,106
1573,101
1574,99
1575,103
1576,102
1577,106
1578,103
1579,91
1580,106
1581,107
1582,108
1583,102
1584,106
1585,108
1586,106
1587,105
1588,107
1589,107
1590,107
1591,96
1592,101
1593,95
1594,102
1595,97
1596,103
1597,106
1598,104
1599,107
1600,101
1601,101
1602,99
1603,106
1604,105
1605,105
1606,104
1607,100
1608,105
1609,101
1610,107
1611,108
1612,101
1613,105
1614,105
1615,101
1616,102
1617,106
1618,1
1619,108
1620,105
1621,1
1622,93
1623,1
1624,101
1625,104
1626,105
1627,107
1628,107
1629,104
1630,98
1631,105
1632,106
1633,80
1634,72
1635,93
1636,104
1637,106
1638,93
1639,105
1640,104
1641,106
1642,104
1643,106
1644,106
1645,106
1646,107
1647,108
1648,86
1649,108
1650,101
1651,102
1652,107
1653,104
1654,104
1655,100
1656,103
1657,103
1658,101
1659,103
1660,105
1661,108
1662,108
1663,103
1664,103
1665,105
1666,104
1667,102
1668,103
1669,106
1670,101
1671,105
1672,107
1673,107
1674,107
1675,108
1676,106
1677,107
1678,108
1679,102
1680,100
1681,102
1682,102
1683,104
1684,97
1685,99
1686,104
1687,95
1688,98
1689,105
1690,100
1691,107
1692,101
1693,107
1694,102
1695,107
1696,103
1697,107
1698,97
1699,102
1700,99
1701,104
1702,98
1703,106
1704,101
1705,107
1706,106
1707,104
1708,104
1709,108
1710,102
1711,107
1712,107
1713,108
1714,108
1715,106
1716,106
1717,108
1718,107
1719,105
1720,107
1721,107
1722,106
1723,104
1724,107
1725,105
1726,105
1727,102
1728,106
1729,107
1730,106
1731,105
1732,106
1733,104
1734,105
1735,83
1736,71
1737,107
1738,104
1739,104
1740,105
1741,105
1742,106
1743,107
1744,107
1745,105
1746,107
1747,106
1748,106
1749,108
1750,107
1751,88
1752,102
1753,105
1754,105
1755,107
1756,107
1757,108
1758,107
1759,108
1760,105
1761,106
1762,103
1763,99
1764,106
1765,107
1766,103
1767,107
1768,106
1769,107
1770,106
1771,107
1772,106
1773,108
1774,96
1775,106
1776,104
1777,106
1778,106
1779,105
1780,104
1781,88
1782,106
1783,100
1784,103
1785,107
1786,93
1787,92
1788,100
1789,105
1790,108
1791,100
1792,103
1793,102
1794,94
1795,96
1796,108
1797,102
1798,94
1799,107
1800,104
1801,107
1802,107
1803,101
1804,99
1805,107
1806,94
1807,101
1808,97
1809,103
1810,88
1811,85
1812,108
1813,99
1814,107
1815,105
1816,100
1817,95
1818,99
1819,98
1820,107
1821,99
1822,103
1823,99
1824,104
1825,104
1826,105
1827,106
1828,101
1829,104
1830,103
1831,98
1832,100
1833,107
1834,107
1835,107
1836,106
1837,107
1838,107
1839,108
1840,107
1841,107
1842,107
1843,98
1844,106
1845,107
1846,108
1847,107
1848,108
1849,107
1850,106
1851,99
1852,107
1853,107
1854,107
1855,106
1856,107
1857,108
1858,106
1859,106
1860,108
1861,108
1862,105
1863,108
1864,107
1865,107
1866,108
1867,102
1868,106
1869,94
1870,107
1871,108
1872,106
1873,107
1874,108
1875,106
1876,107
1877,107
1878,108
1879,107
1880,107
1881,107
1882,107
1883,98
1884,107
1885,107
1886,103
1887,100
1888,103
1889,99
1890,107
1891,107
1892,106
1893,103
1894,107
1895,104
1896,105
1897,1
1898,102
1899,98
1900,107
1901,105
1902,105
1903,107
1904,106
1905,105
1906,103
1907,106
1908,107
1909,102
1910,105
1911,107
1912,107
1913,105
1914,107
1915,106
1916,108
1917,108
1918,106
1919,107
1920,107
1921,108
1922,106
1923,106
1924,108
1925,108
1926,105
1927,105
1928,96
1929,107
1930,104
1931,103
1932,106
1933,108
1934,105
1935,106
1936,102
1937,83
1938,108
1939,89
1940,107
1941,108
1942,105
1943,106
1944,104
1945,105
1946,108
1947,107
1948,104
1949,104
1950,107
1951,107
1952,106
1953,105
1954,101
1955,98
1956,101
1957,106
1958,108
1959,105
1960,106
1961,104
1962,105
1963,106
1964,104
1965,108
1966,106
1967,97
1968,104
1969,108
1970,107
1971,106
1972,108
1973,108
1974,108
1975,108
1976,106
1977,107
1978,107
1979,106
1980,104
1981,107
1982,108
1983,108
1984,107
1985,107
1986,108
1987,106
1988,105
1989,108
1990,108
1991,107
1992,97
1993,107
1994,107
1995,106
1996,107
1997,108
1998,108
1999,107
2000,107
2001,107
2002,107
2003,107
2004,104
2005,107
2006,107
2007,107
2008,107
2009,108
2010,107
2011,108
2012,106
2013,107
2014,107
2015,108
2016,107
2017,107
2018,106
2019,107
2020,108
2021,107
2022,108
2023,107
2024,107
2025,107
2026,107
2027,107
2028,106
2029,108
2030,105
2031,107
2032,108
2033,107
2034,107
2035,107
2036,108
2037,108
2038,108
2039,108
2040,107
2041,108
2042,108
2043,106
2044,106
2045,108
2046,108
2047,107
2048,107
2049,107
2050,108
2051,107
2052,107
2053,108
2054,108
2055,107
2056,106
2057,108
2058,107
2059,108
2060,107
2061,107
2062,107
2063,108
2064,107
2065,108
2066,107
2067,107
2068,107
2069,107
2070,108
2071,108
2072,108
2073,108
2074,107
2075,107
2076,108
2077,107
2078,107
2079,107
2080,108
2081,107
2082,107
2083,107
2084,107
2085,108
2086,107
2087,108
2088,107
2089,107
2090,107
2091,104
2092,107
2093,108
2094,108
2095,108
2096,104
2097,107
2098,108
2099,107
2100,107
2101,108
2102,107
2103,105
2104,106
2105,108
2106,108
2107,106
2108,107
2109,107
2110,107
2111,107
2112,107
2113,106
2114,105
2115,106
2116,107
2117,106
2118,106
2119,108
2120,107
2121,106
2122,107
2123,107
2124,107
2125,106
2126,107
2127,108
2128,106
2129,107
2130,107
2131,107
2132,106
2133,106
2134,107
2135,107
2136,107
2137,107
2138,105
2139,107
2140,106
2141,107
2142,107
2143,107
2144,106
2145,108
2146,106
2147,107
2148,104
2149,106
2150,107
2151,107
2152,103
2153,107
2154,108
2155,107
2156,106
2157,107
2158,107
2159,106
2160,106
2161,106
2162,102
2163,102
2164,107
2165,104
2166,106
2167,104
2168,105
2169,104
2170,107
2171,107
2172,105
2173,102
2174,104
2175,103
2176,106
2177,96
2178,104
2179,108
2180,104
2181,101
2182,105
2183,105
2184,107
2185,108
2186,107
2187,107
2188,107
2189,107
2190,107
2191,107
2192,107
2193,106
2194,107
2195,106
2196,108
2197,108
2198,107
2199,107
2200,107
2201,107
2202,107
2203,107
2204,108
2205,107
2206,108
2207,107
2208,107
2209,106
2210,107
2211,106
2212,106
2213,107
2214,107
2215,108
2216,107
2217,102
2218,107
2219,106
2220,107
2221,106
2222,107
2223,107
2224,106
2225,106
2226,107
2227,108
2228,107
2229,106
2230,108
2231,108
2232,107
2233,108
2234,105
2235,108
2236,107
2237,107
2238,108
2239,106
2240,107
2241,107
2242,107
2243,107
2244,107
2245,108
2246,105
2247,106
2248,107
2249,106
2250,107
2251,106
2252,105
2253,108
2254,107
2255,106
2256,106
2257,108
2258,107
2259,106
2260,107
2261,107
2262,107
2263,108
2264,107
2265,107
2266,108
2267,106
2268,107
2269,108
2270,108
2271,105
2272,106
2273,107
2274,104
2275,106
2276,107
2277,107
2278,107
2279,106
2280,107
2281,104
2282,107
2283,107
2284,105
2285,107
2286,107
2287,108
2288,108
2289,106
2290,108
2291,107
2292,105
2293,103
2294,107
2295,107
2296,106
2297,107
2298,106
2299,107
2300,107
2301,107
2302,107
2303,107
2304,106
2305,107
2306,106
2307,105
2308,108
2309,108
2310,107
2311,108
2312,107
2313,107
2314,107
2315,108
2316,106
2317,107
2318,108
2319,107
2320,107
2321,108
2322,107
2323,107
2324,107
2325,90
2326,108
2327,105
2328,107
2329,107
2330,107
2331,107
2332,106
2333,106
2334,106
2335,106
2336,106
2337,107
2338,107
2339,107
2340,102
2341,107
2342,106
2343,105
2344,107
2345,107
2346,104
2347,107
2348,105
2349,105
2350,108
2351,107
2352,108
2353,103
2354,106
2355,107
2356,107
2357,107
2358,107
2359,107
2360,107
2361,107
2362,103
2363,107
2364,106
2365,108
2366,108
2367,107
2368,106
2369,105
2370,99
2371,106
2372,106
2373,108
2374,104
2375,102
2376,105
2377,107
2378,106
2379,103
2380,105
2381,108
2382,106
2383,105
2384,104
2385,107
2386,106
2387,105
2388,107
2389,107
2390,108
2391,107
2392,107
2393,106
2394,107
2395,107
2396,107
2397,107
2398,107
2399,107
2400,106
2401,107
2402,108
2403,108
2404,107
2405,107
2406,108
2407,105
2408,108
2409,106
2410,106
2411,106
2412,107
2413,107
2414,105
2415,107
2416,106
2417,107
2418,106
2419,107
2420,105
2421,104
2422,102
2423,105
2424,106
2425,106
2426,106
2427,104
2428,108
2429,108
2430,108
2431,108
2432,106
2433,108
2434,107
2435,107
2436,107
2437,108
2438,108
2439,106
2440,106
2441,105
2442,108
2443,107
2444,107
2445,108
2446,108
2447,106
2448,106
2449,108
2450,107
2451,106
2452,107
2453,108
2454,108
2455,105
2456,106
2457,104
2458,101
2459,107
2460,106
2461,106
2462,107
2463,108
2464,108
2465,106
2466,107
2467,106
2468,107
2469,108
2470,107
2471,107
2472,107
2473,106
2474,106
2475,107
2476,107
2477,108
2478,107
2479,106
2480,107
2481,108
2482,108
2483,107
2484,104
2485,106
2486,107
2487,108
2488,105
2489,106
2490,106
2491,106
2492,104
2493,107
2494,108
2495,106
2496,107
2497,107
2498,108
2499,106
2500,106
2501,106
2502,108
2503,108
2504,107
2505,107
2506,107
2507,108
2508,107
2509,106
2510,108
2511,108
2512,106
2513,108
2514,107
2515,108
2516,107
2517,107
2518,108
2519,108
2520,107
2521,108
2522,106
2523,105
2524,108
2525,107
2526,107
2527,105
2528,107
2529,108
2530,107
2531,106
2532,108
2533,107
2534,105
2535,107
2536,107
2537,108
2538,107
2539,107
2540,107
2541,107
2542,107
2543,106
2544,107
2545,107
2546,107
2547,103
2548,107
2549,106
2550,105
2551,106
2552,105
2553,104
2554,107
2555,107
2556,107
2557,108
2558,107
2559,107
2560,107
2561,107
2562,107
2563,107
2564,106
2565,107
2566,108
2567,107
2568,107
2569,107
2570,108
2571,108
2572,107
2573,107
2574,108
2575,107
2576,107
2577,107
2578,107
2579,107
2580,108
2581,107
2582,107
2583,106
2584,107
2585,108
2586,105
2587,106
2588,108
2589,105
2590,1
2591,108
2592,107
2593,107
2594,106
2595,105
2596,107
2597,107
2598,107
2599,107
2600,106
2601,107
2602,107
2603,106
2604,107
2605,108
2606,108
2607,107
2608,108
2609,105
2610,108
2611,107
2612,106
2613,107
2614,108
2615,106
2616,107
2617,107
2618,107
2619,105
2620,106
2621,106
2622,108
2623,107
2624,107
2625,105
2626,107
2627,107
2628,106
2629,103
2630,107
2631,108
2632,107
2633,106
2634,107
2635,107
2636,107
2637,108
2638,107
2639,107
2640,106
2641,107
2642,106
2643,105
2644,108
2645,107
2646,108
2647,107
2648,106
2649,107
2650,107
2651,107
2652,107
2653,104
2654,105
2655,102
2656,104
2657,106
2658,108
2659,107
2660,107
2661,108
2662,106
2663,106
2664,106
2665,106
2666,107
2667,107
2668,106
2669,108
2670,108
2671,106
2672,107
2673,107
2674,106
2675,107
2676,105
2677,101
2678,107
2679,108
2680,108
2681,107
2682,105
2683,108
2684,107
2685,107
2686,107
2687,108
2688,108
2689,108
2690,106
2691,106
2692,108
2693,108
2694,108
2695,105
2696,106
2697,107
2698,107
2699,105
2700,107
2701,108
2702,105
2703,105
2704,105
2705,107
2706,106
2707,107
2708,108
2709,105
2710,106
2711,107
2712,107
2713,107
2714,108
2715,107
2716,1
2717,108
2718,106
2719,106
2720,107
2721,105
2722,107
2723,106
2724,104
2725,107
2726,107
2727,107
2728,107
2729,108
2730,106
2731,107
2732,107
2733,107
2734,106
2735,108
2736,106
2737,108
2738,106
2739,106
2740,107
2741,107
2742,108
2743,107
2744,106
2745,108
2746,108
2747,106
2748,107
2749,107
2750,107
2751,107
2752,107
2753,108
2754,107
2755,107
2756,108
2757,108
2758,107
2759,108
2760,107
2761,107
2762,107
2763,107
2764,107
2765,108
2766,107
2767,108
2768,106
2769,108
2770,108
2771,107
2772,107
2773,108
2774,106
2775,107
2776,107
2777,107
2778,107
2779,108
2780,106
2781,107
2782,108
2783,108
2784,107
2785,107
2786,108
2787,107
2788,107
2789,106
2790,108
2791,108
2792,106
2793,108
2794,107
2795,107
2796,106
2797,107
2798,108
2799,108
2800,107
2801,107
2802,107
2803,107
2804,108
2805,108
2806,106
2807,106
2808,107
2809,107
2810,107
2811,107
2812,108
2813,107
2814,107
2815,108
2816,107
2817,106
2818,107
2819,106
2820,108
2821,107
2822,104
2823,105
2824,107
2825,108
2826,108
2827,106
2828,107
2829,108
2830,108
2831,107
2832,105
2833,106
2834,107
2835,106
2836,107
2837,107
2838,108
2839,107
2840,108
2841,105
2842,107
2843,107
2844,105
2845,107
2846,107
2847,108
2848,104
2849,105
2850,105
2851,107
2852,106
2853,106
2854,107
2855,107
2856,107
2857,106
2858,106
2859,105
2860,108
2861,107
2862,107
2863,105
2864,106
2865,106
2866,107
2867,106
2868,104
2869,106
2870,108
2871,107
2872,106
2873,107
2874,107
2875,106
2876,106
2877,107
2878,108
2879,108
2880,106
2881,108
2882,107
2883,106
2884,107
2885,108
2886,107
2887,106
2888,104
2889,108
2890,107
2891,107
2892,106
2893,108
2894,107
2895,107
2896,107
2897,106
2898,108
2899,106
2900,107
2901,107
2902,108
2903,106
2904,106
2905,107
2906,107
2907,108
2908,106
2909,107
2910,107
2911,107
2912,108
2913,107
2914,106
2915,105
2916,107
2917,107
2918,105
2919,106
2920,105
2921,106
2922,107
2923,107
2924,107
2925,108
2926,107
2927,108
2928,95
2929,99
2930,105
2931,103
2932,104
2933,107
2934,104
2935,107
2936,107
2937,107
2938,107
2939,107
2940,105
2941,108
2942,108
2943,107
2944,106
2945,108
2946,107
2947,107
2948,107
2949,108
2950,107
2951,107
2952,107
2953,108
2954,106
2955,108
2956,106
2957,106
2958,107
2959,106
2960,107
2961,108
2962,108
2963,106
2964,107
2965,107
2966,107
2967,101
2968,97
2969,107
2970,106
2971,102
2972,105
2973,107
2974,108
2975,107
2976,108
2977,108
2978,106
2979,106
2980,108
2981,107
2982,108
2983,108
2984,107
2985,103
2986,106
2987,106
2988,108
2989,108
2990,108
2991,108
2992,106
2993,107
2994,107
2995,105
2996,106
2997,108
2998,102
2999,106
3000,107
3001,106
3002,105
3003,107
3004,107
3005,107
3006,108
3007,107
3008,107
3009,106
3010,108
3011,107
3012,107
3013,107
3014,107
3015,107
3016,107
3017,106
3018,106
3019,105
3020,107
3021,107
3022,108
3023,107
3024,108
3025,108
3026,106
3027,107
3028,107
3029,107
3030,107
3031,107
3032,106
3033,108
3034,107
3035,107
3036,108
3037,108
3038,107
3039,107
3040,107
3041,107
3042,107
3043,103
3044,108
3045,107
3046,107
3047,108
3048,106
3049,108
3050,107
3051,107
3052,106
3053,107
3054,107
3055,107
3056,107
3057,107
3058,107
3059,108
3060,107
3061,106
3062,107
3063,107
3064,107
3065,107
3066,107
3067,106
3068,105
3069,106
3070,107
3071,107
3072,107
3073,107
3074,107
3075,107
3076,107
3077,107
3078,107
3079,107
3080,106
3081,107
3082,106
3083,107
3084,107
3085,107
3086,108
3087,107
3088,106
3089,107
3090,106
3091,107
3092,108
3093,108
3094,106
3095,107
3096,105
3097,107
3098,107
3099,106
3100,107
3101,107
3102,107
3103,108
3104,106
3105,106
3106,107
3107,104
3108,106
3109,107
3110,107
3111,106
3112,107
3113,107
3114,107
3115,107
3116,107
3117,108
3118,108
3119,107
3120,107
3121,107
3122,107
3123,107
3124,105
3125,107
3126,106
3127,106
3128,105
3129,107
3130,107
3131,107
3132,107
3133,106
3134,107
3135,108
3136,106
3137,106
3138,106
3139,107
3140,107
3141,107
3142,107
3143,107
3144,104
3145,107
3146,107
3147,106
3148,108
3149,107
3150,106
3151,107
3152,106
3153,107
3154,107
3155,106
3156,107
3157,107
3158,107
3159,108
3160,106
3161,107
3162,107
3163,106
3164,107
3165,108
3166,108
3167,107
3168,106
3169,107
3170,107
3171,106
3172,107
3173,107
3174,108
3175,107
3176,107
3177,107
3178,106
3179,106
3180,106
3181,107
3182,106
3183,107
3184,106
3185,105
3186,106
3187,107
3188,103
3189,106
3190,107
3191,108
3192,107
3193,107
3194,107
3195,105
3196,107
3197,107
3198,107
3199,106
3200,108
3201,107
3202,107
3203,105
3204,107
3205,107
3206,107
3207,107
3208,106
3209,107
3210,107
3211,105
3212,106
3213,108
3214,106
3215,107
3216,106
3217,107
3218,108
3219,107
3220,107
3221,108
3222,108
3223,107
3224,106
3225,107
3226,108
3227,107
3228,107
3229,107
3230,108
3231,107
3232,107
3233,108
3234,107
3235,107
3236,107
3237,107
3238,107
3239,107
3240,106
3241,108
3242,107
3243,108
3244,105
3245,107
3246,108
3247,107
3248,108
3249,107
3250,106
3251,107
3252,107
3253,108
3254,107
3255,106
3256,107
3257,108
3258,106
3259,108
3260,107
3261,108
3262,108
3263,107
3264,106
3265,106
3266,106
3267,107
3268,106
3269,108
3270,107
3271,107
3272,107
3273,108
3274,107
3275,105
3276,107
3277,108
3278,107
3279,107
3280,106
3281,107
3282,107
3283,107
3284,106
3285,107
3286,108
3287,106
3288,106
3289,106
3290,107
3291,107
3292,106
3293,107
3294,107
3295,107
3296,107
3297,107
3298,106
3299,108
3300,107
3301,105
3302,108
3303,108
3304,107
3305,106
3306,106
3307,107
3308,106
3309,107
3310,108
3311,107
3312,106
3313,107
3314,104
3315,106
3316,108
3317,107
3318,107
3319,107
3320,106
3321,106
3322,106
3323,106
3324,107
3325,107
3326,105
3327,108
3328,105
3329,108
3330,107
3331,106
3332,106
3333,108
3334,106
3335,107
3336,105
3337,107
3338,108
3339,106
3340,105
3341,107
3342,107
3343,105
3344,107
3345,105
3346,107
3347,107
3348,104
3349,108
3350,108
3351,107
3352,106
3353,106
3354,106
3355,108
3356,106
3357,107
3358,107
3359,108
3360,107
3361,107
3362,106
3363,106
3364,108
3365,107
3366,107
3367,108
3368,107
3369,107
3370,107
3371,106
3372,107
3373,108
3374,105
3375,108
3376,107
3377,108
3378,105
3379,106
3380,108
3381,108
3382,107
3383,108
3384,106
3385,107
3386,107
3387,106
3388,106
3389,107
3390,107
3391,107
3392,106
3393,107
3394,105
3395,107
3396,106
3397,107
3398,108
3399,107
3400,106
3401,107
3402,107
3403,108
3404,107
3405,107
3406,108
3407,108
3408,107
3409,108
3410,107
3411,108
3412,106
3413,106
3414,108
3415,106
3416,107
3417,107
3418,107
3419,107
3420,108
3421,107
3422,107
3423,107
3424,107
3425,108
3426,106
3427,106
3428,108
3429,108
3430,107
3431,108
3432,107
3433,106
3434,107
3435,107
3436,108
3437,107
3438,107
3439,107
3440,106
3441,107
3442,107
3443,107
3444,106
3445,107
3446,108
3447,106
3448,106
3449,107
3450,107
3451,107
3452,107
3453,107
3454,108
3455,107
3456,106
3457,106
3458,106
3459,107
3460,106
3461,106
3462,108
3463,108
3464,107
3465,108
3466,107
3467,107
3468,106
3469,107
3470,108
3471,107
3472,106
3473,106
3474,106
3475,107
3476,108
3477,107
3478,107
3479,107
3480,108
3481,107
3482,104
3483,106
3484,107
3485,107
3486,106
3487,107
3488,106
3489,106
3490,105
3491,106
3492,107
3493,108
3494,106
3495,107
3496,107
3497,107
3498,107
3499,107
3500,107
3501,108
3502,105
3503,107
3504,104
3505,107
3506,108
3507,106
3508,106
3509,107
3510,107
3511,107
3512,107
3513,107
3514,106
3515,106
3516,107
3517,106
3518,108
3519,105
3520,107
3521,108
3522,106
3523,108
3524,105
3525,106
3526,107
3527,108
3528,107
3529,106
3530,106
3531,106
3532,108
3533,107
3534,107
3535,108
3536,107
3537,108
3538,106
3539,107
3540,108
3541,107
3542,107
3543,107
3544,107
3545,107
3546,107
3547,106
3548,106
3549,107
3550,107
3551,107
3552,106
3553,107
3554,102
3555,103
3556,106
3557,107
3558,107
3559,107
3560,107
3561,106
3562,107
3563,107
3564,107
3565,104
3566,108
3567,108
3568,106
3569,107
3570,107
3571,107
3572,106
3573,106
3574,107
3575,107
3576,107
3577,107
3578,106
3579,108
3580,107
3581,106
3582,108
3583,107
3584,107
3585,107
3586,106
3587,106
3588,107
3589,106
3590,106
3591,107
3592,106
3593,107
3594,106
3595,107
3596,108
3597,107
3598,106
3599,107
3600,105
3601,107
3602,107
3603,107
3604,107
3605,107
3606,107
3607,107
3608,107
3609,107
3610,107
3611,107
3612,105
3613,107
3614,107
3615,105
3616,106
3617,106
3618,107
3619,106
3620,106
3621,107
3622,108
3623,107
3624,107
3625,108
3626,106
3627,106
3628,106
3629,106
3630,106
3631,108
3632,107
3633,107
3634,107
3635,108
3636,107
3637,106
3638,108
3639,108
3640,108
3641,107
3642,106
3643,107
3644,108
3645,107
3646,107
3647,107
3648,107
3649,107
3650,106
3651,107
3652,107
3653,108
3654,107
3655,107
3656,107
3657,105
3658,107
3659,106
3660,107
3661,107
3662,107
3663,107
3664,106
3665,106
3666,107
3667,105
3668,107
3669,108
3670,107
3671,107
3672,107
3673,107
3674,107
3675,106
3676,106
3677,107
3678,107
3679,108
3680,106
3681,105
3682,107
3683,107
3684,106
3685,105
3686,107
3687,106
3688,107
3689,106
3690,106
3691,107
3692,107
3693,106
3694,107
3695,107
3696,107
3697,107
3698,105
3699,107
3700,107
3701,107
3702,106
3703,105
3704,107
3705,107
3706,107
3707,107
3708,108
3709,108
3710,108
3711,108
3712,107
3713,107
3714,105
3715,107
3716,105
3717,108
3718,104
3719,107
3720,106
3721,107
3722,107
3723,106
3724,107
3725,107
3726,107
3727,107
3728,107
3729,107
3730,108
3731,106
3732,106
3733,107
3734,107
3735,107
3736,106
3737,107
3738,107
3739,107
3740,106
3741,107
3742,107
3743,107
3744,107
3745,108
3746,107
3747,107
3748,107
3749,107
3750,108
3751,107
3752,107
3753,107
3754,106
3755,105
3756,107
3757,108
3758,108
3759,107
3760,107
3761,108
3762,106
3763,107
3764,107
3765,108
3766,107
3767,107
3768,106
3769,106
3770,107
3771,105
3772,106
3773,107
3774,107
3775,107
3776,106
3777,107
3778,107
3779,107
3780,106
3781,107
3782,108
3783,107
3784,105
3785,107
3786,107
3787,107
3788,105
3789,108
3790,108
3791,106
3792,106
3793,106
3794,107
3795,107
3796,106
3797,106
3798,107
3799,107
3800,107
3801,106
3802,108
3803,107
3804,106
3805,106
3806,107
3807,107
3808,107
3809,107
3810,107
3811,105
3812,107
3813,107
3814,107
3815,107
3816,106
3817,107
3818,107
3819,106
3820,108
3821,107
3822,106
3823,108
3824,106
3825,107
3826,106
3827,107
3828,107
3829,107
3830,107
3831,108
3832,107
3833,107
3834,107
3835,106
3836,107
3837,107
3838,107
3839,106
3840,107
3841,107
3842,107
3843,107
3844,107
3845,108
3846,107
3847,106
3848,107
3849,108
3850,107
3851,106
3852,106
3853,106
3854,107
3855,107
3856,108
3857,105
3858,107
3859,107
3860,106
3861,107
3862,108
3863,107
3864,107
3865,107
3866,107
3867,105
3868,108
3869,107
3870,107
3871,106
3872,107
3873,108
3874,106
3875,107
3876,108
3877,108
3878,107
3879,107
3880,106
3881,106
3882,107
3883,107
3884,107
3885,108
3886,107
3887,107
3888,108
3889,108
3890,107
3891,106
3892,106
3893,107
3894,107
3895,107
3896,106
3897,107
3898,108
3899,106
3900,106
3901,108
3902,107
3903,107
3904,107
3905,108
3906,107
3907,107
3908,106
3909,106
3910,107
3911,107
3912,107
3913,107
3914,107
3915,107
3916,106
3917,105
3918,108
3919,108
3920,107
3921,107
3922,104
3923,106
3924,107
3925,107
3926,106
3927,106
3928,106
3929,108
3930,106
3931,105
3932,107
3933,107
3934,106
3935,108
3936,107
3937,106
3938,107
3939,107
3940,108
3941,108
3942,107
3943,106
3944,107
3945,108
3946,106
3947,105
3948,107
3949,108
3950,107
3951,107
3952,104
3953,107
3954,107
3955,107
3956,106
3957,108
3958,106
3959,107
3960,107
3961,107
3962,106
3963,107
3964,106
3965,106
3966,108
3967,107
3968,107
3969,107
3970,107
3971,108
3972,107
3973,107
3974,107
3975,107
3976,106
3977,106
3978,107
3979,106
3980,106
3981,107
3982,106
3983,107
3984,106
3985,107
3986,107
3987,107
3988,106
3989,108
3990,107
3991,108
3992,106
3993,107
3994,107
3995,105
3996,108
3997,108
3998,107
3999,107
4000,106
4001,108
4002,106
4003,107
4004,107
4005,108
4006,106
4007,106
4008,107
4009,107
4010,107
4011,106
4012,107
4013,108
4014,108
4015,107
4016,107
4017,107
4018,106
4019,107
4020,106
4021,105
4022,108
4023,107
4024,106
4025,106
4026,106
4027,106
4028,107
4029,106
4030,107
4031,107
4032,107
4033,108
4034,107
4035,107
4036,107
4037,107
4038,106
4039,106
4040,108
4041,108
4042,106
4043,106
4044,106
4045,107
4046,107
4047,107
4048,107
4049,108
4050,107
4051,107
4052,107
4053,108
4054,105
4055,106
4056,107
4057,107
4058,106
4059,107
4060,107
4061,107
4062,107
4063,107
4064,106
4065,107
4066,107
4067,106
4068,107
4069,108
4070,108
4071,107
4072,107
4073,106
4074,106
4075,107
4076,107
4077,106
4078,107
4079,107
4080,106
4081,107
4082,107
4083,107
4084,107
4085,105
4086,107
4087,107
4088,107
4089,108
4090,105
4091,104
4092,107
4093,105
4094,107
4095,106
4096,108
4097,107
4098,107
4099,107
4100,107
4101,108
4102,106
4103,108
4104,107
4105,105
4106,106
4107,106
4108,107
4109,107
4110,107
4111,107
4112,106
4113,105
4114,107
4115,106
4116,106
4117,107
4118,108
4119,107
4120,107
4121,106
4122,107
4123,107
4124,106
4125,107
4126,107
4127,105
4128,107
4129,107
4130,107
4131,107
4132,107
4133,107
4134,107
4135,107
4136,106
4137,106
4138,106
4139,108
4140,106
4141,107
4142,107
4143,107
4144,106
4145,107
4146,107
4147,106
4148,107
4149,107
4150,107
4151,107
4152,106
4153,107
4154,107
4155,106
4156,107
4157,108
4158,107
4159,107
4160,106
4161,107
4162,107
4163,106
4164,106
4165,108
4166,107
4167,107
4168,105
4169,107
4170,107
4171,103
4172,107
4173,107
4174,106
4175,107
4176,106
4177,106
4178,107
4179,107
4180,104
4181,108
4182,107
4183,106
4184,107
4185,106
4186,107
4187,108
4188,107
4189,107
4190,107
4191,108
4192,108
4193,105
4194,104
4195,107
4196,106
4197,106
4198,108
4199,107
4200,107
4201,105
4202,107
4203,106
4204,108
4205,107
4206,107
4207,107
4208,107
4209,107
4210,106
4211,106
4212,107
4213,107
4214,106
4215,108
4216,108
4217,108
4218,106
4219,106
4220,108
4221,108
4222,105
4223,107
4224,104
4225,107
4226,107
4227,106
4228,107
4229,107
4230,107
4231,107
4232,107
4233,107
4234,107
4235,107
4236,107
4237,107
4238,108
4239,107
4240,107
4241,107
4242,107
4243,107
4244,107
4245,106
4246,107
4247,106
4248,107
4249,107
4250,107
4251,107
4252,108
4253,106
4254,108
4255,107
4256,106
4257,106
4258,106
4259,105
4260,108
4261,106
4262,107
4263,107
4264,107
4265,108
4266,107
4267,105
4268,107
4269,107
4270,108
4271,106
4272,107
4273,107
4274,106
4275,107
4276,108
4277,105
4278,106
4279,108
4280,105
4281,108
4282,106
4283,107
4284,107
4285,107
4286,107
4287,106
4288,106
4289,106
4290,107
4291,107
4292,105
4293,107
4294,107
4295,108
4296,107
4297,107
4298,107
4299,107
4300,106
4301,106
4302,108
4303,107
4304,106
4305,106
4306,107
4307,106
4308,106
4309,107
4310,107
4311,107
4312,107
4313,106
4314,106
4315,107
4316,108
4317,107
4318,107
4319,106
4320,107
4321,107
4322,106
4323,106
4324,106
4325,107
4326,107
4327,108
4328,106
4329,107
4330,107
4331,104
4332,106
4333,107
4334,107
4335,106
4336,105
4337,107
4338,107
4339,106
4340,106
4341,107
4342,107
4343,107
4344,106
4345,107
4346,108
4347,107
4348,106
4349,108
4350,108
4351,106
4352,107
4353,105
4354,106
4355,106
4356,107
4357,107
4358,107
4359,106
4360,106
4361,107
4362,108
4363,106
4364,106
4365,105
4366,107
4367,107
4368,108
4369,105
4370,104
4371,107
4372,108
4373,107
4374,107
4375,106
4376,107
4377,107
4378,107
4379,106
4380,107
4381,107
4382,107
4383,107
4384,108
4385,106
4386,106
4387,106
4388,107
4389,108
4390,107
4391,108
4392,106
4393,107
4394,106
4395,106
4396,106
4397,108
4398,108
4399,108
4400,107
4401,107
4402,107
4403,105
4404,107
4405,107
4406,107
4407,107
4408,106
4409,108
4410,106
4411,106
4412,107
4413,106
4414,108
4415,108
4416,107
4417,107
4418,107
4419,107
4420,106
4421,105
4422,108
4423,107
4424,106
4425,107
4426,106
4427,105
4428,108
4429,108
4430,107
4431,105
4432,108
4433,108
4434,107
4435,107
4436,108
4437,107
4438,105
4439,106
4440,107
4441,108
4442,105
4443,106
4444,107
4445,108
4446,107
4447,107
4448,106
4449,107
4450,106
4451,106
4452,107
4453,107
4454,107
4455,105
4456,106
4457,107
4458,107
4459,107
4460,107
4461,108
4462,108
4463,107
4464,107
4465,106
4466,107
4467,108
4468,106
4469,106
4470,106
4471,108
4472,105
4473,106
4474,107
4475,106
4476,107
4477,107
4478,108
4479,107
4480,107
4481,106
4482,107
4483,106
4484,106
4485,107
4486,106
4487,106
4488,107
4489,108
4490,105
4491,106
4492,108
4493,107
4494,106
4495,107
4496,107
4497,107
4498,107
4499,107
4500,108
4501,107
4502,106
4503,108
4504,107
4505,108
4506,107
4507,106
4508,106
4509,107
4510,107
4511,107
4512,105
4513,107
4514,107
4515,106
4516,106
4517,108
4518,107
4519,106
4520,106
4521,108
4522,107
4523,106
4524,104
4525,107
4526,107
4527,107
4528,107
4529,106
4530,106
4531,108
4532,107
4533,106
4534,107
4535,108
4536,107
4537,107
4538,107
4539,107
4540,108
4541,107
4542,107
4543,106
4544,107
4545,108
4546,106
4547,107
4548,107
4549,108
4550,105
4551,107
4552,106
4553,108
4554,107
4555,107
4556,108
4557,107
4558,107
4559,107
4560,107
4561,107
4562,107
4563,107
4564,107
4565,107
4566,107
4567,107
4568,104
4569,106
4570,108
4571,107
4572,106
4573,108
4574,107
4575,107
4576,107
4577,107
4578,107
4579,107
4580,106
4581,106
4582,107
4583,107
4584,106
4585,108
4586,108
4587,107
4588,107
4589,106
4590,108
4591,108
4592,107
4593,105
4594,105
4595,106
4596,108
4597,107
4598,107
4599,107
4600,107
4601,107
4602,107
4603,107
4604,106
4605,108
4606,107
4607,105
4608,106
4609,107
4610,106
4611,107
4612,107
4613,108
4614,106
4615,108
4616,106
4617,107
4618,107
4619,107
4620,108
4621,107
4622,107
4623,107
4624,107
4625,106
4626,107
4627,107
4628,108
4629,108
4630,107
4631,107
4632,107
4633,107
4634,106
4635,107
4636,106
4637,106
4638,108
4639,108
4640,107
4641,106
4642,106
4643,107
4644,107
4645,107
4646,107
4647,107
4648,107
4649,106
4650,106
4651,106
4652,108
4653,107
4654,106
4655,107
4656,107
4657,108
4658,106
4659,105
4660,107
4661,107
4662,107
4663,107
4664,106
4665,107
4666,105
4667,107
4668,107
4669,108
4670,104
4671,108
4672,106
4673,108
4674,107
4675,107
4676,107
4677,107
4678,106
4679,106
4680,106
4681,106
4682,108
4683,106
4684,107
4685,107
4686,107
4687,107
4688,106
4689,107
4690,107
4691,107
4692,106
4693,107
4694,108
4695,107
4696,107
4697,107
4698,106
4699,106
4700,106
4701,106
4702,107
4703,107
4704,106
4705,106
4706,107
4707,107
4708,108
4709,107
4710,107
4711,106
4712,107
4713,108
4714,107
4715,106
4716,106
4717,108
4718,107
4719,107
4720,107
4721,106
4722,106
4723,104
4724,107
4725,107
4726,106
4727,107
4728,106
4729,107
4730,107
4731,108
4732,106
4733,108
4734,108
4735,107
4736,106
4737,108
4738,107
4739,105
4740,107
4741,107
4742,108
4743,107
4744,107
4745,107
4746,107
4747,106
4748,104
4749,106
4750,107
4751,107
4752,107
4753,107
4754,107
4755,107
4756,107
4757,107
4758,106
4759,107
4760,107
4761,106
4762,104
4763,105
4764,107
4765,107
4766,107
4767,107
4768,107
4769,107
4770,106
4771,105
4772,107
4773,108
4774,106
4775,108
4776,106
4777,108
4778,107
4779,107
4780,107
4781,107
4782,105
4783,108
4784,107
4785,107
4786,107
4787,106
4788,107
4789,107
4790,107
4791,108
4792,107
4793,106
4794,107
4795,107
4796,107
4797,107
4798,107
4799,107
4800,107
4801,106
4802,106
4803,106
4804,106
4805,106
4806,108
4807,107
4808,105
4809,107
4810,106
4811,107
4812,106
4813,107
4814,107
4815,108
4816,107
4817,107
4818,106
4819,108
4820,107
4821,107
4822,107
4823,107
4824,107
4825,107
4826,107
4827,107
4828,106
4829,108
4830,104
4831,107
4832,107
4833,107
4834,106
4835,105
4836,108
4837,107
4838,106
4839,107
4840,104
4841,105
4842,106
4843,105
4844,106
4845,107
4846,108
4847,107
4848,106
4849,107
4850,108
4851,107
4852,107
4853,107
4854,107
4855,107
4856,105
4857,108
4858,107
4859,106
4860,106
4861,106
4862,107
4863,108
4864,108
4865,105
4866,107
4867,107
4868,107
4869,106
4870,107
4871,108
4872,107
4873,107
4874,106
4875,107
4876,107
4877,106
4878,108
4879,106
4880,107
4881,107
4882,107
4883,105
4884,108
4885,107
4886,106
4887,107
4888,106
4889,106
4890,106
4891,106
4892,108
4893,108
4894,105
4895,107
4896,107
4897,107
4898,107
4899,106
4900,107
4901,107
4902,107
4903,108
4904,106
4905,107
4906,107
4907,105
4908,107
4909,108
4910,106
4911,107
4912,106
4913,107
4914,107
4915,108
4916,106
4917,107
4918,107
4919,106
4920,107
4921,108
4922,108
4923,107
4924,107
4925,107
4926,108
4927,107
4928,107
4929,106
4930,107
4931,106
4932,107
4933,107
4934,107
4935,107
4936,107
4937,108
4938,106
4939,107
4940,107
4941,107
4942,107
4943,108
4944,106
4945,107
4946,106
4947,105
4948,107
4949,107
4950,106
4951,107
4952,106
4953,108
4954,107
4955,105
4956,107
4957,107
4958,107
4959,107
4960,107
4961,107
4962,107
4963,106
4964,106
4965,108
4966,108
4967,107
4968,107
4969,106
4970,107
4971,107
4972,107
4973,105
4974,107
4975,107
4976,107
4977,106
4978,108
4979,107
4980,107
4981,107
4982,108
4983,107
4984,107
4985,107
4986,104
4987,107
4988,107
4989,107
4990,107
4991,107
4992,107
4993,107
4994,107
4995,107
4996,108
4997,108
4998,107
4999,107
5000,106
5001,104
5002,107
5003,107
5004,108
5005,108
5006,107
5007,107
5008,106
5009,108
5010,107
5011,106
5012,107
5013,107
5014,108
5015,107
5016,107
5017,107
5018,107
5019,107
5020,104
5021,107
5022,108
5023,108
5024,107
5025,107
5026,108
5027,108
5028,104
5029,106
5030,107
5031,107
5032,107
5033,107
5034,107
5035,106
5036,106
5037,107
5038,107
5039,108
5040,107
5041,107
5042,107
5043,107
5044,107
5045,106
5046,107
5047,104
5048,107
5049,108
5050,107
5051,107
5052,107
5053,107
5054,105
5055,108
5056,105
5057,108
5058,107
5059,106
5060,107
5061,107
5062,107
5063,108
5064,107
5065,108
5066,107
5067,106
5068,107
5069,107
5070,108
5071,107
5072,107
5073,107
5074,107
5075,106
5076,107
5077,107
5078,107
5079,106
5080,107
5081,107
5082,106
5083,108
5084,107
5085,107
5086,107
5087,107
5088,105
5089,106
5090,107
5091,107
5092,107
5093,106
5094,107
5095,107
5096,107
5097,107
5098,107
5099,107
5100,107
5101,105
5102,107
5103,105
5104,107
5105,107
5106,106
5107,104
5108,108
5109,108
5110,106
5111,106
5112,106
5113,108
5114,104
5115,107
5116,107
5117,107
5118,106
5119,107
5120,106
5121,107
5122,107
5123,106
5124,107
5125,108
5126,107
5127,107
5128,106
5129,107
5130,107
5131,106
5132,105
5133,107
5134,107
5135,107
5136,106
5137,103
5138,107
5139,105
5140,105
5141,107
5142,107
5143,108
5144,107
5145,107
5146,107
5147,107
5148,105
5149,107
5150,108
5151,108
5152,107
5153,106
5154,105
5155,107
5156,107
5157,106
5158,108
5159,107
5160,108
5161,107
5162,107
5163,106
5164,107
5165,107
5166,107
5167,106
5168,107
5169,107
5170,107
5171,107
5172,107
5173,108
5174,107
5175,107
5176,105
5177,107
5178,106
5179,104
5180,108
5181,107
5182,107
5183,106
5184,107
5185,108
5186,107
5187,106
5188,107
5189,107
5190,108
5191,108
5192,107
5193,107
5194,106
5195,107
5196,107
5197,105
5198,107
5199,108
5200,107
5201,104
5202,107
5203,107
5204,107
5205,106
5206,107
5207,106
5208,107
5209,108
5210,104
5211,107
5212,107
5213,107
5214,108
5215,107
5216,108
5217,106
5218,104
5219,107
5220,107
5221,107
5222,106
5223,107
5224,107
5225,107
5226,106
5227,106
5228,108
5229,107
5230,107
5231,106
5232,105
5233,108
5234,106
5235,106
5236,108
5237,107
5238,107
5239,106
5240,106
5241,108
5242,107
5243,107
5244,107
5245,108
5246,107
5247,106
5248,106
5249,108
5250,106
5251,108
5252,105
5253,107
5254,107
5255,108
5256,107
5257,106
5258,107
5259,107
5260,107
5261,107
5262,108
5263,108
5264,106
5265,107
5266,106
5267,107
5268,108
5269,106
5270,107
5271,106
5272,107
5273,107
5274,107
5275,107
5276,107
5277,107
5278,107
5279,108
5280,106
5281,106
5282,105
5283,108
5284,107
5285,107
5286,107
5287,107
5288,107
5289,107
5290,103
5291,106
5292,106
5293,108
5294,107
5295,107
5296,106
5297,107
5298,107
5299,107
5300,107
5301,108
5302,105
5303,105
5304,107
5305,107
5306,106
5307,107
5308,106
5309,107
5310,108
5311,105
5312,105
5313,107
5314,108
5315,107
5316,106
5317,107
5318,106
5319,107
5320,107
5321,106
5322,106
5323,106
5324,108
5325,108
5326,107
5327,106
5328,108
5329,107
5330,106
5331,107
5332,108
5333,108
5334,107
5335,107
5336,106
5337,107
5338,106
5339,104
5340,107
5341,108
5342,107
5343,104
5344,107
5345,107
5346,106
5347,106
5348,106
5349,107
5350,108
5351,107
5352,106
5353,107
5354,107
5355,107
5356,106
5357,108
5358,108
5359,106
5360,106
5361,107
5362,107
5363,106
5364,106
5365,106
5366,108
5367,107
5368,106
5369,106
5370,106
5371,107
5372,106
5373,107
5374,107
5375,107
5376,107
5377,107
5378,107
5379,107
5380,108
5381,107
5382,108
5383,106
5384,107
5385,106
5386,107
5387,106
5388,108
5389,107
5390,107
5391,108
5392,1
5393,108
5394,106
5395,107
5396,107
5397,108
5398,106
5399,108
5400,105
5401,107
5402,107
5403,106
5404,104
5405,107
5406,107
5407,107
5408,105
5409,107
5410,107
5411,106
5412,107
5413,108
5414,107
5415,107
5416,106
5417,107
5418,106
5419,106
5420,107
5421,106
5422,107
5423,107
5424,107
5425,108
5426,107
5427,107
5428,106
5429,106
5430,108
5431,108
5432,106
5433,107
5434,105
5435,107
5436,106
5437,107
5438,108
5439,104
5440,108
5441,107
5442,106
5443,103
5444,107
5445,107
5446,107
5447,107
5448,105
5449,107
5450,107
5451,107
5452,108
5453,108
5454,106
5455,107
5456,106
5457,107
5458,107
5459,107
5460,107
5461,107
5462,108
5463,107
5464,106
5465,106
5466,107
5467,107
5468,107
5469,107
5470,108
5471,107
5472,106
5473,108
5474,105
5475,107
5476,108
5477,106
5478,106
5479,108
5480,108
5481,107
5482,107
5483,106
5484,106
5485,108
5486,107
5487,106
5488,107
5489,105
5490,107
5491,107
5492,108
5493,107
5494,108
5495,107
5496,107
5497,107
5498,106
5499,106
5500,108
5501,107
5502,107
5503,107
5504,106
5505,108
5506,107
5507,106
5508,108
5509,107
5510,106
5511,108
5512,106
5513,107
5514,107
5515,106
5516,108
5517,107
5518,107
5519,107
5520,106
5521,107
5522,107
5523,107
5524,106
5525,107
5526,107
5527,107
5528,107
5529,107
5530,107
5531,107
5532,106
5533,106
5534,108
5535,107
5536,107
5537,106
5538,108
5539,105
5540,107
5541,107
5542,107
5543,106
5544,107
5545,106
5546,107
5547,108
5548,107
5549,108
5550,107
5551,107
5552,107
5553,106
5554,107
5555,107
5556,108
5557,107
5558,107
5559,107
5560,106
5561,107
5562,107
5563,106
5564,107
5565,107
5566,106
5567,108
5568,106
5569,108
5570,106
5571,106
5572,105
5573,107
5574,107
5575,107
5576,106
5577,106
5578,107
5579,106
5580,107
5581,106
5582,107
5583,107
5584,107
5585,108
5586,107
5587,107
5588,106
5589,106
5590,108
5591,105
5592,105
5593,107
5594,108
5595,107
5596,107
5597,107
5598,107
5599,107
5600,107
5601,106
5602,106
5603,108
5604,108
5605,106
5606,107
5607,104
5608,106
5609,107
5610,106
5611,106
5612,108
5613,107
5614,106
5615,107
5616,105
5617,106
5618,105
5619,106
5620,107
5621,107
5622,107
5623,107
5624,104
5625,108
5626,106
5627,105
5628,107
5629,106
5630,107
5631,107
5632,106
5633,107
5634,107
5635,107
5636,107
5637,107
5638,107
5639,108
5640,106
5641,107
5642,106
5643,106
5644,106
5645,107
5646,108
5647,107
5648,106
5649,106
5650,106
5651,108
5652,105
5653,108
5654,108
5655,107
5656,107
5657,107
5658,107
5659,106
5660,108
5661,108
5662,107
5663,104
5664,107
5665,108
5666,104
5667,106
5668,107
5669,103
5670,107
5671,108
5672,107
5673,106
5674,105
5675,106
5676,108
5677,107
5678,107
5679,107
5680,106
5681,106
5682,106
5683,107
5684,106
5685,107
5686,107
5687,107
5688,107
5689,106
5690,107
5691,107
5692,107
5693,107
5694,107
5695,104
5696,107
5697,107
5698,104
5699,107
5700,106
5701,107
5702,107
5703,108
5704,105
5705,106
5706,106
5707,107
5708,105
5709,106
5710,107
5711,107
5712,107
5713,106
5714,105
5715,107
5716,107
5717,107
5718,107
5719,107
5720,107
5721,107
5722,106
5723,106
5724,107
5725,107
5726,107
5727,107
5728,107
5729,106
5730,107
5731,107
5732,107
5733,108
5734,107
5735,108
5736,107
5737,107
5738,106
5739,107
5740,107
5741,108
5742,108
5743,108
5744,106
5745,107
5746,107
5747,107
5748,106
5749,108
5750,107
5751,107
5752,107
5753,108
5754,108
5755,107
5756,106
5757,107
5758,107
5759,107
5760,107
5761,107
5762,107
5763,106
5764,107
5765,107
5766,107
5767,108
5768,105
5769,107
5770,106
5771,105
5772,108
5773,106
5774,108
5775,107
5776,107
5777,107
5778,106
5779,106
5780,107
5781,105
5782,107
5783,107
5784,105
5785,107
5786,107
5787,106
5788,107
5789,108
5790,106
5791,107
5792,107
5793,107
5794,107
5795,107
5796,106
5797,107
5798,107
5799,107
5800,106
5801,106
5802,107
5803,106
5804,107
5805,108
5806,108
5807,107
5808,107
5809,106
5810,107
5811,106
5812,106
5813,108
5814,107
5815,108
5816,105
5817,107
5818,107
5819,107
5820,106
5821,107
5822,107
5823,106
5824,107
5825,107
5826,106
5827,107
5828,107
5829,108
5830,108
5831,107
5832,107
5833,108
5834,106
5835,103
5836,107
5837,107
5838,106
5839,107
5840,106
5841,108
5842,106
5843,106
5844,108
5845,108
5846,107
5847,107
5848,104
5849,107
5850,106
5851,106
5852,107
5853,108
5854,106
5855,107
5856,106
5857,107
5858,107
5859,107
5860,106
5861,108
5862,107
5863,107
5864,107
5865,107
5866,105
5867,107
5868,106
5869,106
5870,107
5871,107
5872,106
5873,107
5874,107
5875,107
5876,106
5877,106
5878,108
5879,108
5880,107
5881,107
5882,107
5883,107
5884,107
5885,106
5886,107
5887,106
5888,108
5889,107
5890,107
5891,107
5892,107
5893,106
5894,107
5895,107
5896,107
5897,106
5898,106
5899,107
5900,107
5901,107
5902,107
5903,108
5904,107
5905,106
5906,107
5907,107
5908,106
5909,108
5910,107
5911,106
5912,106
5913,107
5914,108
5915,107
5916,106
5917,108
5918,105
5919,107
5920,107
5921,107
5922,107
5923,107
5924,105
5925,108
5926,108
5927,107
5928,106
5929,107
5930,107
5931,107
5932,107
5933,106
5934,107
5935,107
5936,107
5937,106
5938,106
5939,108
5940,108
5941,108
5942,107
5943,108
5944,108
5945,107
5946,107
5947,106
5948,108
5949,105
5950,107
5951,107
5952,107
5953,106
5954,104
5955,106
5956,107
5957,107
5958,104
5959,107
5960,104
5961,107
5962,107
5963,106
5964,107
5965,107
5966,107
5967,107
5968,106
5969,107
5970,106
5971,107
5972,108
5973,107
5974,108
5975,107
5976,107
5977,107
5978,107
5979,107
5980,107
5981,107
5982,108
5983,107
5984,106
5985,107
5986,108
5987,107
5988,107
5989,106
5990,107
5991,107
5992,103
5993,107
5994,107
5995,107
5996,108
5997,107
5998,107
5999,106
6000,107
6001,108
6002,107
6003,107
6004,107
6005,107
6006,107
6007,107
6008,106
6009,107
6010,107
6011,106
6012,107
6013,108
6014,106
6015,108
6016,106
6017,107
6018,107
6019,107
6020,106
6021,108
6022,107
6023,107
6024,105
6025,107
6026,105
6027,104
6028,106
6029,108
6030,107
6031,107
6032,107
6033,106
6034,107
6035,107
6036,106
6037,105
6038,107
6039,108
6040,105
6041,107
6042,107
6043,107
6044,106
6045,106
6046,108
6047,108
6048,107
6049,106
6050,107
6051,107
6052,108
6053,107
6054,108
6055,107
6056,107
6057,108
6058,107
6059,107
6060,108
6061,107
6062,107
6063,108
6064,107
6065,107
6066,106
6067,107
6068,108
6069,108
6070,108
6071,108
6072,106
6073,108
6074,107
6075,106
6076,108
6077,108
6078,108
6079,108
6080,107
6081,108
6082,108
6083,107
6084,108
6085,108
6086,108
6087,106
6088,106
6089,108
6090,108
6091,107
6092,107
6093,107
6094,108
6095,108
6096,108
6097,108
6098,107
6099,107
6100,105
6101,107
6102,108
6103,107
6104,107
6105,107
6106,107
6107,107
6108,108
6109,108
6110,107
6111,107
6112,108
6113,108
6114,107
6115,107
6116,106
6117,107
6118,106
6119,107
6120,107
6121,107
6122,107
6123,108
6124,108
6125,107
6126,106
6127,107
6128,107
6129,107
6130,106
6131,106
6132,108
6133,108
6134,106
6135,107
6136,105
6137,103
6138,107
6139,106
6140,108
6141,108
6142,108
6143,108
6144,105
6145,106
6146,108
6147,107
6148,106
6149,107
6150,108
6151,107
6152,107
6153,107
6154,107
6155,106
6156,107
6157,107
6158,108
6159,108
6160,106
6161,106
6162,106
6163,108
6164,108
6165,108
6166,107
6167,107
6168,108
6169,108
6170,107
6171,107
6172,108
6173,107
6174,108
6175,107
6176,107
6177,107
6178,107
6179,106
6180,107
6181,106
6182,107
6183,108
6184,107
6185,107
6186,107
6187,107
6188,106
6189,108
6190,107
6191,107
6192,106
6193,105
6194,106
6195,108
6196,107
6197,108
6198,107
6199,106
6200,107
6201,107
6202,107
6203,108
6204,106
6205,108
6206,108
6207,107
6208,107
6209,108
6210,107
6211,106
6212,106
6213,107
6214,108
6215,108
6216,107
6217,105
6218,107
6219,108
6220,108
6221,107
6222,108
6223,106
6224,107
6225,108
6226,107
6227,107
6228,107
6229,108
6230,108
6231,107
6232,107
6233,108
6234,106
6235,107
6236,108
6237,108
6238,106
6239,106
6240,106
6241,108
6242,107
6243,106
6244,107
6245,107
6246,107
6247,108
6248,107
6249,108
6250,107
6251,107
6252,107
6253,108
6254,107
6255,107
6256,107
6257,108
6258,106
6259,108
6260,107
6261,108
6262,108
6263,108
6264,108
6265,108
6266,107
6267,107
6268,107
6269,105
6270,108
6271,108
6272,107
6273,106
6274,107
6275,108
6276,108
6277,107
6278,107
6279,107
6280,107
6281,107
6282,107
6283,108
6284,108
6285,108
6286,108
6287,108
6288,108
6289,108
6290,107
6291,106
6292,107
6293,108
6294,106
6295,107
6296,107
6297,107
6298,107
6299,107
6300,107
6301,108
6302,106
6303,107
6304,105
6305,105
6306,107
6307,107
6308,107
6309,108
6310,107
6311,107
6312,104
6313,107
6314,107
6315,105
6316,106
6317,108
6318,107
6319,108
6320,106
6321,106
6322,105
6323,107
6324,107
6325,107
6326,107
6327,108
6328,107
6329,107
6330,107
6331,107
6332,108
6333,107
6334,108
6335,107
6336,108
6337,108
6338,107
6339,106
6340,107
6341,107
6342,104
6343,108
6344,107
6345,103
6346,107
6347,107
6348,108
6349,107
6350,106
6351,108
6352,107
6353,107
6354,106
6355,107
6356,107
6357,107
6358,107
6359,107
6360,105
6361,108
6362,106
6363,107
6364,108
6365,108
6366,107
6367,108
6368,107
6369,107
6370,107
6371,105
6372,107
6373,105
6374,108
6375,108
6376,108
6377,107
6378,106
6379,108
6380,108
6381,108
6382,108
6383,107
6384,107
6385,107
6386,107
6387,107
6388,108
6389,107
6390,107
6391,104
6392,108
6393,107
6394,107
6395,106
6396,107
6397,107
6398,108
6399,107
6400,107
6401,108
6402,107
6403,107
6404,108
6405,108
6406,107
6407,108
6408,107
6409,108
6410,107
6411,107
6412,106
6413,108
6414,107
6415,108
6416,107
6417,107
6418,108
6419,107
6420,106
6421,108
6422,107
6423,107
6424,107
6425,108
6426,107
6427,106
6428,106
6429,107
6430,108
6431,108
6432,107
6433,107
6434,107
6435,107
6436,106
6437,107
6438,108
6439,108
6440,107
6441,107
6442,105
6443,107
6444,107
6445,108
6446,108
6447,107
6448,108
6449,108
6450,106
6451,107
6452,108
6453,108
6454,106
6455,108
6456,107
6457,108
6458,106
6459,107
6460,108
6461,108
6462,106
6463,107
6464,107
6465,108
6466,107
6467,107
6468,106
6469,108
6470,108
6471,108
6472,106
6473,107
6474,107
6475,106
6476,107
6477,108
6478,107
6479,107
6480,107
6481,107
6482,106
6483,108
6484,106
6485,107
6486,108
6487,107
6488,105
6489,107
6490,107
6491,106
6492,107
6493,108
6494,107
6495,108
6496,107
6497,107
6498,107
6499,108
6500,108
6501,108
6502,108
6503,107
6504,108
6505,108
6506,107
6507,107
6508,107
6509,107
6510,107
6511,107
6512,104
6513,108
6514,106
6515,107
6516,107
6517,108
6518,106
6519,105
6520,107
6521,107
6522,107
6523,106
6524,107
6525,108
6526,107
6527,107
6528,105
6529,106
6530,107
6531,107
6532,108
6533,108
6534,108
6535,107
6536,106
6537,107
6538,107
6539,107
6540,107
6541,108
6542,108
6543,108
6544,106
6545,107
6546,107
6547,106
6548,106
6549,107
6550,108
6551,108
6552,106
6553,107
6554,103
6555,108
6556,108
6557,107
6558,108
6559,106
6560,108
6561,108
6562,104
6563,107
6564,106
6565,108
6566,107
6567,107
6568,107
6569,108
6570,107
6571,107
6572,107
6573,108
6574,106
6575,108
6576,107
6577,108
6578,107
6579,104
6580,108
6581,108
6582,108
6583,107
6584,107
6585,108
6586,108
6587,106
6588,107
6589,108
6590,107
6591,107
6592,107
6593,107
6594,107
6595,108
6596,105
6597,107
6598,108
6599,108
6600,107
6601,107
6602,107
6603,106
6604,106
6605,107
6606,108
6607,108
6608,106
6609,107
6610,107
6611,108
6612,108
6613,108
6614,108
6615,107
6616,108
6617,108
6618,107
6619,106
6620,108
6621,107
6622,107
6623,108
6624,107
6625,108
6626,107
6627,105
6628,108
6629,108
6630,106
6631,108
6632,103
6633,107
6634,106
6635,106
6636,107
6637,108
6638,107
6639,107
6640,107
6641,107
6642,107
6643,106
6644,107
6645,108
6646,108
6647,106
6648,107
6649,107
6650,106
6651,107
6652,107
6653,108
6654,108
6655,108
6656,107
6657,107
6658,106
6659,107
6660,107
6661,107
6662,107
6663,108
6664,105
6665,107
6666,107
6667,108
6668,107
6669,107
6670,108
6671,108
6672,107
6673,108
6674,107
6675,107
6676,108
6677,107
6678,107
6679,108
6680,106
6681,108
6682,107
6683,107
6684,108
6685,106
6686,107
6687,108
6688,103
6689,107
6690,106
6691,106
6692,107
6693,108
6694,108
6695,107
6696,107
6697,107
6698,106
6699,105
6700,108
6701,107
6702,108
6703,107
6704,107
6705,107
6706,106
6707,104
6708,107
6709,107
6710,108
6711,107
6712,108
6713,108
6714,107
6715,108
6716,107
6717,108
6718,108
6719,107
6720,107
6721,104
6722,107
6723,107
6724,108
6725,108
6726,108
6727,108
6728,108
6729,108
6730,107
6731,107
6732,108
6733,108
6734,106
6735,106
6736,107
6737,107
6738,106
6739,107
6740,108
6741,107
6742,107
6743,108
6744,107
6745,108
6746,104
6747,107
6748,107
6749,108
6750,107
6751,107
6752,106
6753,108
6754,105
6755,107
6756,108
6757,108
6758,107
6759,107
6760,107
6761,108
6762,107
6763,107
6764,103
6765,107
6766,108
6767,106
6768,108
6769,108
6770,107
6771,107
6772,107
6773,107
6774,108
6775,108
6776,107
6777,107
6778,106
6779,108
6780,108
6781,107
6782,108
6783,106
6784,108
6785,108
6786,107
6787,107
6788,108
6789,108
6790,107
6791,107
6792,106
6793,108
6794,107
6795,107
6796,108
6797,108
6798,105
6799,105
6800,107
6801,108
6802,108
6803,106
6804,108
6805,108
6806,108
6807,108
6808,107
6809,107
6810,108
6811,107
6812,108
6813,108
6814,108
6815,106
6816,107
6817,107
6818,107
6819,107
6820,108
6821,108
6822,108
6823,108
6824,107
6825,105
6826,108
6827,107
6828,108
6829,105
6830,108
6831,108
6832,105
6833,105
6834,105
6835,107
6836,108
6837,107
6838,107
6839,107
6840,108
6841,108
6842,106
6843,107
6844,108
6845,107
6846,108
6847,108
6848,106
6849,107
6850,107
6851,107
6852,108
6853,107
6854,105
6855,107
6856,106
6857,106
6858,107
6859,107
6860,107
6861,108
6862,107
6863,108
6864,107
6865,108
6866,107
6867,107
6868,106
6869,108
6870,108
6871,107
6872,105
6873,107
6874,107
6875,107
6876,107
6877,108
6878,108
6879,107
6880,107
6881,108
6882,107
6883,105
6884,107
6885,108
6886,108
6887,108
6888,108
6889,107
6890,107
6891,108
6892,108
6893,107
6894,108
6895,107
6896,107
6897,108
6898,107
6899,106
6900,108
6901,108
6902,107
6903,106
6904,104
6905,108
6906,106
6907,107
6908,106
6909,106
6910,107
6911,108
6912,107
6913,108
6914,107
6915,107
6916,107
6917,108
6918,107
6919,108
6920,107
6921,108
6922,106
6923,107
6924,107
6925,108
6926,108
6927,108
6928,106
6929,108
6930,107
6931,107
6932,106
6933,106
6934,107
6935,105
6936,107
6937,107
6938,108
6939,108
6940,105
6941,107
6942,108
6943,108
6944,108
6945,107
6946,107
6947,108
6948,108
6949,107
6950,108
6951,107
6952,108
6953,108
6954,107
6955,107
6956,107
6957,106
6958,106
6959,106
6960,107
6961,108
6962,106
6963,106
6964,108
6965,108
6966,108
6967,107
6968,107
6969,106
6970,107
6971,107
6972,108
6973,107
6974,106
6975,106
6976,107
6977,106
6978,107
6979,107
6980,106
6981,108
6982,108
6983,107
6984,107
6985,108
6986,107
6987,106
6988,107
6989,108
6990,108
6991,107
6992,106
6993,107
6994,107
6995,106
6996,107
6997,108
6998,108
6999,108
7000,107
7001,105
7002,105
7003,108
7004,108
7005,107
7006,108
7007,107
7008,108
7009,107
7010,107
7011,107
7012,108
7013,107
7014,106
7015,108
7016,107
7017,107
7018,106
7019,105
7020,108
7021,107
7022,106
7023,108
7024,106
7025,107
7026,107
7027,106
7028,107
7029,107
7030,106
7031,106
7032,107
7033,107
7034,108
7035,105
7036,103
7037,107
7038,107
7039,107
7040,107
7041,107
7042,107
7043,108
7044,104
7045,106
7046,107
7047,108
7048,108
7049,108
7050,108
7051,107
7052,107
7053,108
7054,108
7055,108
7056,107
7057,101
7058,104
7059,106
7060,102
7061,105
7062,101
7063,100
7064,105
7065,104
7066,103
7067,104
7068,102
7069,100
7070,104
7071,99
7072,104
7073,104
7074,102
7075,103
7076,103
7077,105
7078,104
7079,104
7080,102
7081,104
7082,102
7083,104
7084,106
7085,105
7086,99
7087,105
7088,103
7089,104
7090,105
7091,101
7092,106
7093,105
7094,105
7095,103
7096,101
7097,99
7098,105
7099,104
7100,104
7101,102
7102,102
7103,106
7104,102
7105,102
7106,102
7107,102
7108,104
7109,103
7110,105
7111,105
7112,102
7113,102
7114,104
7115,104
7116,100
7117,104
7118,105
7119,102
7120,101
7121,101
7122,105
7123,100
7124,104
7125,105
7126,103
7127,105
7128,103
7129,105
7130,103
7131,99
7132,106
7133,103
7134,104
7135,102
7136,95
7137,101
7138,100
7139,103
7140,104
7141,103
7142,104
7143,102
7144,101
7145,102
7146,102
7147,98
7148,104
7149,102
7150,102
7151,104
7152,102
7153,103
7154,105
7155,102
7156,104
7157,105
7158,102
7159,105
7160,104
7161,100
7162,105
7163,102
7164,104
7165,100
7166,102
7167,105
7168,103
7169,98
7170,104
7171,100
7172,105
7173,101
7174,105
7175,99
7176,105
7177,105
7178,104
7179,99
7180,105
7181,104
7182,102
7183,105
7184,102
7185,103
7186,102
7187,104
7188,100
7189,103
7190,104
7191,102
7192,99
7193,101
7194,104
7195,98
7196,103
7197,106
7198,104
7199,105
7200,100
7201,104
7202,104
7203,104
7204,104
7205,105
7206,104
7207,102
7208,100
7209,103
7210,106
7211,103
7212,99
7213,101
7214,106
7215,105
7216,104
7217,104
7218,103
7219,102
7220,103
7221,101
7222,104
7223,100
7224,103
7225,100
7226,104
7227,105
7228,104
7229,105
7230,104
7231,103
7232,101
7233,105
7234,104
7235,99
7236,105
7237,105
7238,103
7239,105
7240,102
7241,105
7242,101
7243,104
7244,105
7245,104
7246,101
7247,102
7248,104
7249,99
7250,103
7251,103
7252,106
7253,105
7254,101
7255,103
7256,97
7257,99
7258,103
7259,100
7260,103
7261,105
7262,105
7263,102
7264,103
7265,105
7266,103
7267,100
7268,104
7269,105
7270,106
7271,104
7272,104
7273,104
7274,103
7275,104
7276,105
7277,103
7278,101
7279,101
7280,104
7281,104
7282,102
7283,99
7284,105
7285,106
7286,102
7287,104
7288,104
7289,103
7290,104
7291,104
7292,106
7293,104
7294,103
7295,104
7296,104
7297,103
7298,100
7299,99
7300,103
7301,102
7302,103
7303,105
7304,97
7305,104
7306,102
7307,102
7308,104
7309,101
7310,103
7311,102
7312,102
7313,103
7314,104
7315,101
7316,104
7317,106
7318,105
7319,104
7320,101
7321,104
7322,106
7323,103
7324,100
7325,105
7326,104
7327,105
7328,103
7329,99
7330,103
7331,102
7332,103
7333,100
7334,101
7335,101
7336,102
7337,103
7338,103
7339,99
7340,106
7341,104
7342,103
7343,105
7344,105
7345,102
7346,102
7347,104
7348,106
7349,104
7350,104
7351,104
7352,100
7353,105
7354,103
7355,103
7356,98
7357,105
7358,103
7359,104
7360,102
7361,98
7362,103
7363,99
7364,99
7365,105
7366,105
7367,100
7368,101
7369,104
7370,104
7371,105
7372,100
7373,106
7374,106
7375,104
7376,105
7377,103
7378,103
7379,102
7380,101
7381,105
7382,104
7383,105
7384,103
7385,104
7386,103
7387,104
7388,101
7389,100
7390,104
7391,104
7392,103
7393,105
7394,103
7395,104
7396,105
7397,102
7398,104
7399,104
7400,101
7401,105
7402,104
7403,104
7404,103
7405,104
7406,101
7407,106
7408,102
7409,104
7410,103
7411,102
7412,104
7413,102
7414,104
7415,105
7416,104
7417,101
7418,103
7419,100
7420,103
7421,104
7422,101
7423,104
7424,103
7425,101
7426,104
7427,104
7428,104
7429,104
7430,103
7431,101
7432,105
7433,99
7434,99
7435,105
7436,104
7437,104
7438,103
7439,105
7440,104
7441,106
7442,105
7443,102
7444,99
7445,103
7446,100
7447,102
7448,102
7449,101
7450,104
7451,100
7452,102
7453,102
7454,105
7455,104
7456,106
7457,106
7458,103
7459,105
7460,105
7461,102
7462,103
7463,104
7464,99
7465,106
7466,102
7467,103
7468,99
7469,103
7470,104
7471,101
7472,97
7473,101
7474,102
7475,100
7476,104
7477,107
7478,105
7479,105
7480,103
7481,103
7482,105
7483,104
7484,105
7485,106
7486,105
7487,104
7488,102
7489,104
7490,104
7491,100
7492,105
7493,106
7494,102
7495,101
7496,104
7497,103
7498,104
7499,102
7500,100
7501,105
7502,105
7503,105
7504,100
7505,104
7506,104
7507,101
7508,104
7509,103
7510,104
7511,105
7512,100
7513,105
7514,103
7515,105
7516,105
7517,101
7518,100
7519,103
7520,104
7521,105
7522,99
7523,103
7524,103
7525,101
7526,99
7527,101
7528,102
7529,105
7530,103
7531,103
7532,102
7533,106
7534,104
7535,103
7536,100
7537,101
7538,103
7539,103
7540,104
7541,106
7542,105
7543,105
7544,104
7545,104
7546,104
7547,103
7548,99
7549,102
7550,106
7551,105
7552,104
7553,105
7554,105
7555,104
7556,104
7557,98
7558,102
7559,100
7560,105
7561,104
7562,103
7563,100
7564,106
7565,103
7566,104
7567,102
7568,105
7569,105
7570,103
7571,99
7572,101
7573,104
7574,104
7575,102
7576,103
7577,102
7578,103
7579,102
7580,104
7581,106
7582,103
7583,105
7584,104
7585,105
7586,102
7587,102
7588,97
7589,105
7590,103
7591,102
7592,102
7593,106
7594,100
7595,104
7596,101
7597,105
7598,104
7599,106
7600,102
7601,106
7602,103
7603,105
7604,100
7605,98
7606,100
7607,103
7608,104
7609,98
7610,100
7611,99
7612,103
7613,101
7614,99
7615,96
7616,99
7617,104
7618,105
7619,102
7620,102
7621,104
7622,105
7623,98
7624,104
7625,103
7626,105
7627,102
7628,106
7629,99
7630,105
7631,100
7632,103
7633,100
7634,103
7635,99
7636,98
7637,103
7638,104
7639,101
7640,102
7641,94
7642,97
7643,100
7644,103
7645,105
7646,104
7647,105
7648,102
7649,99
7650,105
7651,105
7652,103
7653,105
7654,104
7655,103
7656,103
7657,98
7658,104
7659,102
7660,104
7661,106
7662,105
7663,104
7664,103
7665,105
7666,104
7667,103
7668,104
7669,105
7670,105
7671,101
7672,102
7673,105
7674,101
7675,103
7676,106
7677,104
7678,103
7679,104
7680,94
7681,104
7682,99
7683,101
7684,104
7685,104
7686,105
7687,105
7688,101
7689,104
7690,101
7691,100
7692,105
7693,102
7694,103
7695,104
7696,104
7697,103
7698,102
7699,102
7700,104
7701,104
7702,103
7703,103
7704,102
7705,101
7706,105
7707,105
7708,102
7709,105
7710,106
7711,105
7712,105
7713,105
7714,104
7715,104
7716,102
7717,102
7718,106
7719,104
7720,104
7721,101
7722,104
7723,104
7724,103
7725,98
7726,102
7727,102
7728,103
7729,104
7730,104
7731,105
7732,105
7733,105
7734,104
7735,103
7736,103
7737,102
7738,104
7739,104
7740,103
7741,104
7742,102
7743,103
7744,104
7745,105
7746,102
7747,99
7748,99
7749,102
7750,103
7751,106
7752,100
7753,105
7754,102
7755,104
7756,105
7757,105
7758,106
7759,103
7760,104
7761,101
7762,100
7763,99
7764,103
7765,104
7766,106
7767,103
7768,103
7769,106
7770,106
7771,102
7772,104
7773,106
7774,104
7775,105
7776,102
7777,101
7778,102
7779,101
7780,100
7781,100
7782,105
7783,103
7784,101
7785,102
7786,99
7787,104
7788,106
7789,102
7790,105
7791,98
7792,105
7793,105
7794,102
7795,103
7796,104
7797,106
7798,105
7799,103
7800,103
7801,101
7802,103
7803,105
7804,104
7805,103
7806,103
7807,104
7808,101
7809,98
7810,101
7811,104
7812,105
7813,104
7814,102
7815,105
7816,104
7817,105
7818,103
7819,102
7820,101
7821,103
7822,102
7823,103
7824,102
7825,104
7826,104
7827,101
7828,102
7829,105
7830,102
7831,104
7832,103
7833,104
7834,104
7835,104
7836,103
7837,102
7838,104
7839,105
7840,100
7841,104
7842,103
7843,104
7844,99
7845,104
7846,104
7847,103
7848,101
7849,103
7850,103
7851,100
7852,95
7853,106
7854,101
7855,105
7856,101
7857,105
7858,102
7859,102
7860,105
7861,101
7862,102
7863,103
7864,103
7865,103
7866,103
7867,101
7868,105
7869,104
7870,105
7871,104
7872,102
7873,105
7874,104
7875,101
7876,105
7877,104
7878,106
7879,106
7880,104
7881,105
7882,105
7883,103
7884,104
7885,102
7886,101
7887,104
7888,99
7889,102
7890,103
7891,102
7892,104
7893,103
7894,103
7895,105
7896,104
7897,104
7898,104
7899,105
7900,99
7901,104
7902,105
7903,101
7904,104
7905,101
7906,102
7907,102
7908,102
7909,100
7910,103
7911,102
7912,104
7913,102
7914,101
7915,101
7916,101
7917,100
7918,101
7919,105
7920,105
7921,104
7922,102
7923,102
7924,106
7925,106
7926,104
7927,100
7928,101
7929,106
7930,101
7931,104
7932,102
7933,102
7934,104
7935,104
7936,103
7937,102
7938,105
7939,104
7940,103
7941,106
7942,102
7943,103
7944,103
7945,104
7946,104
7947,103
7948,105
7949,99
7950,100
7951,103
7952,101
7953,100
7954,103
7955,100
7956,103
7957,102
7958,105
7959,99
7960,96
7961,105
7962,99
7963,101
7964,106
7965,105
7966,100
7967,105
7968,104
7969,101
7970,102
7971,99
7972,102
7973,105
7974,103
7975,105
7976,103
7977,105
7978,105
7979,104
7980,102
7981,104
7982,104
7983,101
7984,103
7985,101
7986,102
7987,101
7988,104
7989,106
7990,101
7991,99
7992,105
7993,103
7994,105
7995,104
7996,102
7997,105
7998,105
7999,104
8000,98
8001,105
8002,104
8003,104
8004,104
8005,104
8006,104
8007,105
8008,103
8009,103
8010,101
8011,103
8012,104
8013,103
8014,105
8015,101
8016,103
8017,101
8018,98
8019,104
8020,100
8021,102
8022,104
8023,106
8024,105
8025,102
8026,103
8027,102
8028,104
8029,104
8030,104
8031,104
8032,104
8033,104
8034,105
8035,104
8036,103
8037,102
8038,102
8039,101
8040,104
8041,98
8042,104
8043,104
8044,105
8045,103
8046,104
8047,103
8048,100
8049,103
8050,104
8051,101
8052,104
8053,106
8054,104
8055,105
8056,99
8057,102
8058,105
8059,102
8060,98
8061,102
8062,100
8063,104
8064,104
